Workbook

Sheet Tabela Preços 
B1: SAMSUNG
A2: (Novidade)
A3: REFERÊNCIA | B3: DESIGNAÇÃO | C3: EAN | D3: STOCK | E3: Família | F3: Preço com IVA
A4: RS90F64A2FFA | B4: FRIGORÍFICO SIDE BY SIDE FAMILY HUB ECRÃ 21,5" (594L) BLACK | C4: 8806097130642 | D4: =VLOOKUP(Tabela1[[#This Row],[REFERÊNCIA]],Folha1!$A$1:$G$642,4,FALSE) -> 25 | E4: Frigoríficos | F4: 3819000
A5: RS70F65K2TFA | B5: FRIGORÍFICO SIDE BY SIDE SAMSUNG (617L CINZA) | C5: 8806097130574 | D5: =VLOOKUP(Tabela1[[#This Row],[REFERÊNCIA]],Folha1!$A$1:$G$642,4,FALSE) -> 1 | E5: Frigoríficos | F5: 2451000
A6: RS80F64G2FFA | B6: FRIGORÍFICO SIDE BY SIDE SAMSUNG (609L PRETO) | C6: 8806097130611 | D6: =VLOOKUP(Tabela1[[#This Row],[REFERÊNCIA]],Folha1!$A$1:$G$642,4,FALSE) -> 4 | E6: Frigoríficos | F6: 3021000
A7: RS57DG4000B4FA | B7: Frigorífico Side by Side SAMSUNG (564L - Preto) | C7: 8806095754796 | D7: =VLOOKUP(Tabela1[[#This Row],[REFERÊNCIA]],Folha1!$A$1:$G$642,4,FALSE) -> 0 | E7: Frigoríficos | F7: 1710000
A8: RF48A4000M9/GH | B8: FRIGORÍFICO FRENCH DOOR SAMSUNG (511L - Cinza) | C8: 8806094628920 | D8: =VLOOKUP(Tabela1[[#This Row],[REFERÊNCIA]],Folha1!$A$1:$G$642,4,FALSE) -> 0 | E8: Frigoríficos | F8: 1790000
A9: RF48A400EB4/EF | B9: FRIGORÍFICO FRENCH DOOR SAMSUNG (511L - Preto) | C9: 8806095057866 | D9: =VLOOKUP(Tabela1[[#This Row],[REFERÊNCIA]],Folha1!$A$1:$G$642,4,FALSE) -> 8 | E9: Frigoríficos | F9: 1890000
A10: RF49A5202B1/FA | B10: FRIGORÍFICO FRENCH DOOR SAMSUNG (470L - Preto) | C10: 8806090956508 | D10: =VLOOKUP(Tabela1[[#This Row],[REFERÊNCIA]],Folha1!$A$1:$G$642,4,FALSE) -> 1 | E10: Frigoríficos | F10: 1926600
A11: RF29BB8600MTFA | B11: FRIGORÍFICO PREMIUM 4 PORTAS SAMSUNG (630L - PRETO) WIFI | C11: 8806094050547 | D11: =VLOOKUP(Tabela1[[#This Row],[REFERÊNCIA]],Folha1!$A$1:$G$642,4,FALSE) -> 0 | E11: Frigoríficos | F11: 2070917
A12: RF71DB975012FA | B12: FRIGORÍFICO PREMIUM 4 PORTAS SAMSUNG (704L - BRANCO&PRETO) | C12: 8806095424149 | D12: =VLOOKUP(Tabela1[[#This Row],[REFERÊNCIA]],Folha1!$A$1:$G$642,4,FALSE) -> 0 | E12: Frigoríficos | F12: 3990000
A13: RF71A967532/UT | B13: FRIGORÍFICO PREMIUM 4 PORTAS SAMSUNG (820L - ROSA) | C13: 8806092113299 | D13: =VLOOKUP(Tabela1[[#This Row],[REFERÊNCIA]],Folha1!$A$1:$G$642,4,FALSE) -> 0 | E13: Frigoríficos | F13: 3980000
A14: RR39M71407F/FA | B14: FRIGORÍFICO 1 PORTA SAMSUNG (385L - CINZA) | C14: 8806088602592 | D14: =VLOOKUP(Tabela1[[#This Row],[REFERÊNCIA]],Folha1!$A$1:$G$642,4,FALSE) -> 1 | E14: Frigoríficos | F14: 1225500
A15: WW70T4020CX/NQ | B15: MAQ DE LAVAR ROUPA FL SAMSUNG (7KG - Inox) | C15: 8806092079731 | D15: =VLOOKUP(Tabela1[[#This Row],[REFERÊNCIA]],Folha1!$A$1:$G$642,4,FALSE) -> 37 | E15: Máquinas de Lavar | F15: 1099000
... A149: SP-LFF3CLAXXXA | B149: PROJECTOR SAMSUNG SMART THE FREESTYLE 100" GEN2 | C149: 8806094953268 | D149: =VLOOKUP(Tabela1[[#This Row],[REFERÊNCIA]],Folha1!$A$1:$G$642,4,FALSE) -> 4 | E149: Televisores | F149: 999000
B150: FHD
A151: UA32H5000FUXLY | B151: TV SAMSUNG 32" FHD - 32H5000 Smart TV EG | C151: 8806097016502 | D151: =VLOOKUP(Tabela1[[#This Row],[REFERÊNCIA]],Folha1!$A$1:$G$642,4,FALSE) -> 32 | E151: Televisores | F151: 330000
A152: UA32N5000AUXLY | B152: TV SAMSUNG 32" FHD - 32N5000 | C152: 8801643265687 | D152: =VLOOKUP(Tabela1[[#This Row],[REFERÊNCIA]],Folha1!$A$1:$G$642,4,FALSE) -> 4 | E152: Televisores | F152: 259000
B153: UHD
A154: UA43U8000FUXLY | B154: TV SAMSUNG 43" UHD 4K FLAT SMART TV - U8000 (2025) EG | C154: 8806097191957 | D154: =VLOOKUP(Tabela1[[#This Row],[REFERÊNCIA]],Folha1!$A$1:$G$642,4,FALSE) -> 15 | E154: Televisores | F154: 599000
A155: UA43U8000HUXLY | B155: TV SAMSUNG 43" UHD 4K FLAT SMART TV - U8000 (2026) EG | C155: 8806099026592 | D155: =VLOOKUP(Tabela1[[#This Row],[REFERÊNCIA]],Folha1!$A$1:$G$642,4,FALSE) -> 10 | E155: Televisores | F155: 635158
A156: UA43U8000HUXLY | B156: TV SAMSUNG 43" UHD 4K FLAT SMART TV - U8000 (2026) EG | C156: 8806099026592 | D156: =VLOOKUP(Tabela1[[#This Row],[REFERÊNCIA]],Folha1!$A$1:$G$642,4,FALSE) -> 10 | E156: Televisores | F156: 635158
A157: UA50U8000FUXLY | B157: TV SAMSUNG 50" UHD 4K FLAT SMART TV - U8000 (2025) EG | C157: 8806097191995 | D157: =VLOOKUP(Tabela1[[#This Row],[REFERÊNCIA]],Folha1!$A$1:$G$642,4,FALSE) -> 57 | E157: Televisores | F157: 729000
A158: UA55U8000HUXLY | B158: TV SAMSUNG 55" UHD 4K FLAT SMART TV - U8000 (2026) EG | C158: 8806099026646 | D158: =VLOOKUP(Tabela1[[#This Row],[REFERÊNCIA]],Folha1!$A$1:$G$642,4,FALSE) -> 78 | E158: Televisores | F158: 965440
A159: UA50CU7000KXLY | B159: TV SAMSUNG 50" UHD 4K FLAT SMART TV - CU7000 (2023) | C159: 8806094932270 | D159: =VLOOKUP(Tabela1[[#This Row],[REFERÊNCIA]],Folha1!$A$1:$G$642,4,FALSE) -> 0 | E159: Televisores | F159: 749000
A160: UA65U8000FUXKE | B160: TV SAMSUNG 65" Crystal UHD 4K FLAT SMART TV U8000 (2025) EG | C160: 8806097192039 | D160: =VLOOKUP(Tabela1[[#This Row],[REFERÊNCIA]],Folha1!$A$1:$G$642,4,FALSE) -> 21 | E160: Televisores | F160: 1179000
A161: UA65U8000HUXLY | B161: TV SAMSUNG 65" Crystal UHD 4K FLAT SMART TV U8000 (2026) EG | C161: 8806099026783 | D161: =VLOOKUP(Tabela1[[#This Row],[REFERÊNCIA]],Folha1!$A$1:$G$642,4,FALSE) -> 17 | E161: Televisores | F161: 1244900
A162: UA75CU8000KXXA | B162: TV SAMSUNG 75" CRYSTAL UHD 4K FLAT SMART TV CU8000 (2023) SA | C162: 8806094832921 | D162: =VLOOKUP(Tabela1[[#This Row],[REFERÊNCIA]],Folha1!$A$1:$G$642,4,FALSE) -> 1 | E162: Televisores | F162: 2449000
A163: UA75U8000FUXLY | B163: TV SAMSUNG 75" UHD 4K FLAT SMART TV - U8000 (2025) EG | C163: 8806097198895 | D163: =VLOOKUP(Tabela1[[#This Row],[REFERÊNCIA]],Folha1!$A$1:$G$642,4,FALSE) -> 3 | E163: Televisores | F163: 1899000
A164: UA75U8000HUXLY | B164: TV SAMSUNG 65" Crystal UHD 4K FLAT SMART TV U8000 (2026) EG | C164: 8806099026837 | D164: =VLOOKUP(Tabela1[[#This Row],[REFERÊNCIA]],Folha1!$A$1:$G$642,4,FALSE) -> 28 | E164: Televisores | F164: 1930880
A165: UA85DU8000UXLY | B165: TV SAMSUNG 85" CRYSTAL UHD 4K FLAT SMART TV - DU8000 (2024) | C165: 8806097198895 | D165: =VLOOKUP(Tabela1[[#This Row],[REFERÊNCIA]],Folha1!$A$1:$G$642,4,FALSE) -> 2 | E165: Televisores | F165: 4299000
... A170: UA98DU9000UXLY | B170: TV SAMSUNG 98" 4K UHD FLAT - DU9000 (2026) EG | C170: 8806095597676 | D170: =VLOOKUP(Tabela1[[#This Row],[REFERÊNCIA]],Folha1!$A$1:$G$642,4,FALSE) -> 8 | E170: Televisores | F170: 5999000
B171: MINI LED
A172: UA65M80HAUXLY | B172: TV SAMSUNG 65" MINI LED M80H 4K VISION AI SMART TV (2026) | C172: 8806099063146 | D172: =VLOOKUP(Tabela1[[#This Row],[REFERÊNCIA]],Folha1!$A$1:$G$642,4,FALSE) -> 9 | E172: Televisores | F172: 1860000
A173: UA75M80HAUXLY | B173: TV SAMSUNG 75" MINI LED M80H 4K VISION AI SMART TV (2026) | C173: 8806099063153 | D173: =VLOOKUP(Tabela1[[#This Row],[REFERÊNCIA]],Folha1!$A$1:$G$642,4,FALSE) -> 12 | E173: Televisores | F173: 2490000
B174: QLED
A175: QA43LS01DAKXXA | B175: TV SAMSUNG 43" The Serif - LS01D | C175: 8806095568683 | D175: =VLOOKUP(Tabela1[[#This Row],[REFERÊNCIA]],Folha1!$A$1:$G$642,4,FALSE) -> 14 | E175: Televisores | F175: 1299000
A176: QA55LS01DAKXXA | B176: TV SAMSUNG 55" The Serif - LS01D | C176: 8806094293753 | D176: =VLOOKUP(Tabela1[[#This Row],[REFERÊNCIA]],Folha1!$A$1:$G$642,4,FALSE) -> 8 | E176: Televisores | F176: 1999000
A177: QA55Q7FAAUXLY | B177: TV SAMSUNG 55" QLED - Q7F (Smart TV AI - 2025) | C177: 8806097194040 | D177: =VLOOKUP(Tabela1[[#This Row],[REFERÊNCIA]],Folha1!$A$1:$G$642,4,FALSE) -> 3 | E177: Televisores | F177: 1547208
A178: QA100QN80HUXLY | B178: TV SAMSUNG 100" Neo QLED 4K VISION AI SMART TV - QN80 | C178: 8806099034191 | D178: =VLOOKUP(Tabela1[[#This Row],[REFERÊNCIA]],Folha1!$A$1:$G$642,4,FALSE) -> 5 | E178: Televisores | F178: 7370000
B179: OLED
A180: QA77S85HAEXLY | B180: TV SAMSUNG 77" OLED 4K AI SMART TV - S85H | C180: 8806099034290 | D180: =VLOOKUP(Tabela1[[#This Row],[REFERÊNCIA]],Folha1!$A$1:$G$642,4,FALSE) -> 2 | E180: Televisores | F180: 5590000
B181: RGB
A182: MRA55R85HAUXLY | B182: TV SAMSUNG 55" MICRO RGB R85H 4K VISION AI SMART TV (2026) | C182: 8806099215651 | D182: =VLOOKUP(Tabela1[[#This Row],[REFERÊNCIA]],Folha1!$A$1:$G$642,4,FALSE) -> 7 | E182: Televisores | F182: 2620000
A183: MRA85R85HAUXLY | B183: TV SAMSUNG 85" MICRO RGB R95H 4K VISION AI SMART TV (2026) | C183: 8806099215682 | D183: =VLOOKUP(Tabela1[[#This Row],[REFERÊNCIA]],Folha1!$A$1:$G$642,4,FALSE) -> 7 | E183: Televisores | F183: 6964720.5
A184: BN59-01315D | B184: REMOTE FOR UA TV MODELS | C184: 1029843455 | D184: =VLOOKUP(Tabela1[[#This Row],[REFERÊNCIA]],Folha1!$A$1:$G$642,4,FALSE) -> #N/A | E184: Televisores | F184: 27500
A185: AR09TQHGAWK/FA | B185: MURAL SAMSUNG AR3000M 09 R410A H/P | D185: 600 | E185: Ar Condicionado | F185: 420000
A186: AR12CQHGAWK/FA | B186: MURAL SAMSUNG AR3000M 12 R410A H/P | D186: 600 | E186: Ar Condicionado | F186: 475000
A187: AR18TQHGAWK/FA | B187: MURAL SAMSUNG AR3000M 18 R410A H/P | D187: 600 | E187: Ar Condicionado | F187: 649000
A188: AR24TQHGAWK/FA | B188: MURAL SAMSUNG AR3000M 24 R410A H/P | D188: 600 | E188: Ar Condicionado | F188: 805000

Sheet Folha1
A1: Ref | B1: Design | C1: Desc_familia | D1: Stock | E1: Pv1 | F1: Pv2 | G1: Pv5
A2: RT25HAR4DSA/GH | B2: FRIGORÍFICO TOP FREEZER INVERTER SAMSUNG (255L - PRETA) | C2: Frigorificos | D2: 0 | E2: 0 | F2: 0 | G2: 0
A3: RS90F64A2FFA | B3: Frigorífico Side-by-Side Family Hub ecrã 21.5" (594L) Black | C3: Frigorificos | D3: 25 | E3: 3350000 | F3: 3098800 | G3: 3819000
A4: RF48A4000B4/ME | B4: FRIGORÍFICO FRENCH DOOR SAMSUNG (511L - Preto) | C4: Frigorificos | D4: 0 | E4: 1657894.7 | F4: 1376368.4 | G4: 1890000
A5: RF48A4000M9/MA | B5: FRIGORÍFICO FRENCH DOOR SAMSUNG (511L - Cinza) | C5: Frigorificos | D5: 0 | E5: 1298245.6 | F5: 1056815.8 | G5: 1480000
A6: RT53K6541BS/PE | B6: FRIGORÍFICO TOP FREEZER C/ DISP. AGUA SAMSUNG (526L - PRETO) | C6: Frigorificos | D6: 0 | E6: 1226315.8 | F6: 1005957.2 | G6: 1398000
A7: RS70F65K2TFA | B7: FRIGORÍFICO SIDE BY SIDE SAMSUNG (617L CINZA) | C7: Frigorificos | D7: 1 | E7: 2150000 | F7: 1959887.4 | G7: 2451000
A8: RS80F64G2FFA | B8: FRIGORÍFICO SIDE BY SIDE SAMSUNG (609L PRETO) | C8: Frigorificos | D8: 4 | E8: 2650000 | F8: 2463484.8 | G8: 3021000
A9: RS57DG4000B4FA | B9: Frigorífico Side by Side SAMSUNG (564L - Preto) | C9: Frigorificos | D9: 0 | E9: 1500000 | F9: 1345106.3 | G9: 1710000
A10: RF49A5202B1/FA | B10: FRIGORÍFICO FRENCH DOOR SAMSUNG (470L - Preto) | C10: Frigorificos | D10: 1 | E10: 1690000 | F10: 1569654 | G10: 1926600
A11: RR39M71407F/FA | B11: FRIGORÍFICO 1 PORTA SAMSUNG (385L - CINZA) | C11: Frigorificos | D11: 1 | E11: 1075000 | F11: 963593.15 | G11: 1225500
A12: RS65R5691M9 | B12: FRIGORÍFICO SIDE BY SIDE SAMSUNG (602L - CINZENTA) | C12: Frigorificos | D12: 0 | E12: 2614035.1 | F12: 2119346.8 | G12: 2980000
A13: RS64R53112A | B13: FRIGORÍFICO SIDE BY SIDE SAMSUNG (617L - PRETO ESPELHADO) | C13: Frigorificos | D13: 0 | E13: 2614035.1 | F13: 2099813.6 | G13: 2980000
... A62: SM-A145FZKDAFA | B62: Galaxy A14 LTE DS 4+64GB PRETO | C62: Telemoveis | D62: 1 | E62: 197368.42 | F62: 165322.24 | G62: 225000
A63: 1006002 | B63: Telefone Fixo Unitel 4G | C63: Telemoveis | D63: 0 | E63: 0 | F63: 0 | G63: 0
A64: MGYR3ZM/A | B64: Smart Cover for IPAD - Cyprus Green | C64: Telemoveis | D64: 0 | E64: 0 | F64: 0 | G64: 0
A65: MGYQ3ZM/A | B65: Smart Cover for IPAD - Deep Navy | C65: Telemoveis | D65: 0 | E65: 0 | F65: 0 | G65: 0
A66: MGYT3ZM/A | B66: Smart Cover for IPAD - Pink Navy | C66: Telemoveis | D66: 0 | E66: 0 | F66: 0 | G66: 0
A67: MXTF2ZM/A | B67: Smart Cover for IPAD - Surf Blue | C67: Telemoveis | D67: 0 | E67: 0 | F67: 0 | G67: 0
A68: SM-A705FZBUXFE | B68: Galaxy A70 LTE DS 4+128GB AZUL | C68: Telemoveis | D68: 0 | E68: 0 | F68: 0 | G68: 0
A69: SM-A207FZKDXFE | B69: Galaxy A20s LTE DS 3+32GB PRETO | C69: Telemoveis | D69: 0 | E69: 0 | F69: 0 | G69: 0
A70: SM-A107FZKDXFE | B70: Galaxy A10s LTE DS 2+32GB PRETO | C70: Telemoveis | D70: 0 | E70: 0 | F70: 0 | G70: 0
A71: SM-A165FZKDAFA | B71: Galaxy A16 LTE DS 4+128GB PRETO | C71: Telemoveis | D71: 0 | E71: 227192.98 | F71: 205878.75 | G71: 259000
A72: SM-A307FZKVSRR | B72: Galaxy A30s LTE DS 4+64GB PRETO | C72: Telemoveis | D72: 0 | E72: 0 | F72: 0 | G72: 0
A73: SM-A107FZBDXFE | B73: Galaxy A10s LTE DS 2+32GB AZUL | C73: Telemoveis | D73: 0 | E73: 0 | F73: 0 | G73: 0
A74: SM-A065FZKGAFA | B74: Galaxy A06 DS 4+ 128GB PRETO | C74: Telemoveis | D74: 0 | E74: 175000 | F74: 136247.27 | G74: 199500
A75: SM-X115NZSAAFA | B75: Galaxy Tablet A9 4+64 4G+WIFI Cinza | C75: Telemoveis | D75: 0 | E75: 288596.49 | F75: 267411.38 | G75: 329000
... A501: SM-R530NZAAXFA | B501: Auscultadores Galaxy BUDS3 Cinza | C501: Wearables and Acessories | D501: 0 | E501: 232017.54 | F501: 195904.7 | G501: 264500
A502: 19901083 | B502: DRONE DJI MINI 4 PRO FLY MORE COMBO (DJI RC2) | C502: Wearables and Acessories | D502: 0 | E502: 0 | F502: 0 | G502: 0
A503: 4Y51J62544 | B503: MOUSE LENOVO BLUETOOTH PROFISSIONAL EAN 0195892054498 | C503: Wearables and Acessories | D503: 0 | E503: 0 | F503: 0 | G503: 0
A504: EF-VS938PBEGWW | B504: Capa Galaxy S25 Ultra Kindsuit (Preto) | C504: Wearables and Acessories | D504: 1 | E504: 57017.54 | F504: 42250 | G504: 65000
A505: EF-GS918TBEGWW | B505: Capa Silicone SAMSUNG Galaxy S23 Ultra Preto c/Grip | C505: Wearables and Acessories | D505: 0 | E505: 34035.088 | F505: 28023.75 | G505: 38800
A506: EF-GS911TBEGWW | B506: Capa Silicone SAMSUNG Galaxy S23 Preto c/Grip | C506: Wearables and Acessories | D506: 1 | E506: 31578.947 | F506: 28023.75 | G506: 36000
A507: SM-R180NZKAXFA | B507: Auscultadores Galaxy BUDS LIVE PRETO | C507: Wearables and Acessories | D507: 0 | E507: 104385.96 | F507: 101920.63 | G507: 119000
A508: SM-R180NZNAXFA | B508: Auscultadores Galaxy BUDS LIVE BRONZE | C508: Wearables and Acessories | D508: 0 | E508: 171052.63 | F508: 130059.39 | G508: 195000
A509: EF-QA566CTEGWW | B509: Capa Galaxy A56 Transparente | C509: Wearables and Acessories | D509: 6 | E509: 17105.26 | F509: 13750.32 | G509: 19500
A510: EF-QA366CTEGWW | B510: Capa Galaxy A36 Transparente | C510: Wearables and Acessories | D510: 22 | E510: 17105.26 | F510: 13750.32 | G510: 19500
A511: SM-R540NZWAXFA | B511: Auscultadores Galaxy Buds 4 Branco | C511: Wearables and Acessories | D511: 29 | E511: 179318.08 | F511: 168110.7 | G511: 204422.61
A512: SM-R640NZKAXFA | B512: Auscultadores Galaxy Buds 4 Pro Preto | C512: Wearables and Acessories | D512: 37 | E512: 290000 | F512: 260000 | G512: 350000
A513: EF-QA107TTEGWW | B513: Capa Galaxy A10s Protective | C513: Wearables and Acessories | D513: 17 | E513: 877.19 | F513: 701.75 | G513: 1000
A514: EP-TA800XBEGWW | B514: Adaptador Viagem (25W) Samsung | C514: Wearables and Acessories | D514: 1 | E514: 0 | F514: 0 | G514: 0
... A561: EF-BT220PJEGWW | B561: Capa Tablet A7 Lite | C561: Wearables and Acessories | D561: 0 | E561: 11842.11 | F561: 9964 | G561: 13500
A562: 19901277 | B562: Protector Vidro S25 Ultra | C562: Wearables and Acessories | D562: 0 | E562: 0 | F562: 0 | G562: 0
A563: EF-UF93PCTEGWW | B563: Capa Protective Galaxy Z Fold 4 | C563: Wearables and Acessories | D563: 0 | E563: 7894.74 | F563: 7894.74 | G563: 9000
A564: EF-EA536PBEGWW | B564: Capa Galaxy A53 View Wallet Cover | C564: Wearables and Acessories | D564: 84 | E564: 19736.84 | F564: 16606.67 | G564: 22500
A565: EF-UA736TTEGWW | B565: Galaxy A73 Tempered Glass Screen Protector | C565: Wearables and Acessories | D565: 78 | E565: 5263.16 | F565: 4317.73 | G565: 6000
A566: EF-GS908TNEGWW | B566: Capa Galaxy S22 Ultra Silicone c/ fita | C566: Wearables and Acessories | D566: 1 | E566: 0 | F566: 0 | G566: 0
A567: EF-OA235TLEGWW | B567: Capa Galaxy A23 Slot Cartão | C567: Wearables and Acessories | D567: 86 | E567: 5877.19 | F567: 4982 | G567: 6700
A568: EF-OF721CTEGWW | B568: Capa Galaxy Z Flip4 Transparente com anel | C568: Wearables and Acessories | D568: 0 | E568: 14912.28 | F568: 12455 | G568: 17000
A569: EF-BX200PJEGWW | B569: Capa Tablet A8 | C569: Wearables and Acessories | D569: 0 | E569: 24473.68 | F569: 20758.33 | G569: 27900
A570: EF-OF93PCBEGWW | B570: Capa Galaxy Z Fold 4c/ Suporte e Pen Black | C570: Wearables and Acessories | D570: 0 | E570: 74385.965 | F570: 63053.438 | G570: 84800
A571: EP-L4020NBEGWW | B571: Carregador Carro Super Rápido 40W duplo 15W (USB+25W C)PRETO | C571: Wearables and Acessories | D571: 132 | E571: 43684.21 | F571: 28744.89 | G571: 49800
A572: EF-ZS901CBEGWW | B572: Capa Galaxy S22 Smart Clear View | C572: Wearables and Acessories | D572: 1 | E572: 0 | F572: 0 | G572: 0
A573: EF-ZS906CBEGWW | B573: Capa Galaxy S22+ Smart Clear View | C573: Wearables and Acessories | D573: 4 | E573: 19736.84 | F573: 16606.67 | G573: 22500
A574: EP-DX510JWEGWW | B574: CABO USB 5A (USB-C to USB-C) 1.8m | C574: Wearables and Acessories | D574: 175 | E574: 19122.807 | F574: 17659.47 | G574: 21800
... A685: NAPDM2110B | B685: Suporte Monitor NAPOFIX 13-32 1 Braço 9Kg Preto | C685: Acessorios TV | D685: 8 | E685: 52543.86 | F685: 39580.175 | G685: 59900
A686: 174600059 | B686: Suporte TV flat 32" a 70" | C686: Acessorios TV | D686: 0 | E686: 26228.09 | F686: 20000 | G686: 29900
A687: 461320 | B687: Suporte TV Manht. 32" a 55" máx 35kg ajustavel | C687: Acessorios TV | D687: 0 | E687: 26228.07 | F687: 0 | G687: 29900
A688: 461321 | B688: Suporte TV Napofix 37" a 90" Inclinavel | C688: Acessorios TV | D688: 1 | E688: 26228.07 | F688: 0 | G688: 29900
A689: NAP262-60100 | B689: Suporte TV NAPOFIX de Parede 60-100 Fixo | C689: Acessorios TV | D689: 0 | E689: 87631.579 | F689: 80312.981 | G689: 99900
A690: NAPDM2210B | B690: Suporte Monitor NAPOFIX 13-32 2*Braço Preto - 2 Monitores | C690: Acessorios TV | D690: 0 | E690: 86842.105 | F690: 66071.151 | G690: 99000
A691: 461481 | B691: Suporte TV Manht. 37" a 80" máx 80 Kg | C691: Acessorios TV | D691: 1 | E691: 27060 | F691: 27060 | G691: 30848.4
A692: NAPVWA1105B | B692: Suporte NAPOFIX Chão Carrinho p/ TV c/rodas Preto 32" a 75" | C692: Acessorios TV | D692: 0 | E692: 148245.61 | F692: 113094.59 | G692: 169000
A693: NAPHA600 | B693: Hastes p/ Suporte de Teto TV NAPOFIX 600mm | C693: Acessorios TV | D693: 4 | E693: 39035.088 | F693: 28796.238 | G693: 44500
A694: NAPKL-2 | B694: Liquido de limpeza Napofix 200ml c/Pano | C694: Acessorios TV | D694: 36 | E694: 8596.4912 | F694: 6427.3828 | G694: 9800
A695: VG-SCFA55TKBRU | B695: ARO P/ TV SAMSUNG THE FRAME 55" TEKA | C695: Acessorios TV | D695: 2 | E695: 0 | F695: 0 | G695: 0
A696: VG-SCFA55BEBRU | B696: ARO P/ TV SAMSUNG THE FRAME 55" CASTANHO | C696: Acessorios TV | D696: 2 | E696: 0 | F696: 0 | G696: 0
A697: VG-SCFA65BEBRU | B697: ARO P/ TV SAMSUNG THE FRAME 65" CASTANHO | C697: Acessorios TV | D697: 0 | E697: 0 | F697: 0 | G697: 0
A698: 461482 | B698: Suporte TV NAPOFIX 37" a 70" máx 72 Kg | C698: Acessorios TV | D698: 0 | E698: 0 | F698: 0 | G698: 68000
A699: BN59-01312F | B699: REMOTE FOR QA TV MODELS | C699: Acessorios TV | D699: 0 | E699: 57017.54 | F699: 39911.9 | G699: 65000
A700: 461322 | B700: Suporte TV 32" a 85" | C700: Acessorios TV | D700: 55 | E700: 35000 | F700: 0 | G700: 39900
A701: NAPDM3210 | B701: Suporte Monitor NAPOFIX 13-32 2*Braço Preto - 2 Monit. Flex | C701: Acessorios TV | D701: 0 | E701: 86842.105 | F701: 72225.028 | G701: 99000
A702: NAPGDM2100 | B702: Suporte NAPOFIX de Secretária Gaming Full-Motion p/ Monitor | C702: Acessorios TV | D702: 0 | E702: 60438.596 | F702: 45538.691 | G702: 68900
A703: NAPGDM2200 | B703: Suporte de Secretária Gaming Full-Motion para Duplo Monitor | C703: Acessorios TV | D703: 1 | E703: 104385.96 | F703: 80488.806 | G703: 119000
A704: NAPVWA1105BN | B704: Suporte NAPOFIX Chão Carrinho p/ TV c/rodas Preto 37" a 70" | C704: Acessorios TV | D704: 0 | E704: 0 | F704: 0 | G704: 0
A705: NAPVWA1130B | B705: Suporte NAPOFIX Chão Carrinho p/ TV c/rodas Preto 70" a 120" | C705: Acessorios TV | D705: 0 | E705: 0 | F705: 0 | G705: 0
A706: NAPVWA1140 | B706: Suporte NAPOFIX Chão Carrinho p/ TV c/rodas Preto 40" a 100" | C706: Acessorios TV | D706: 0 | E706: 0 | F706: 0 | G706: 0
A707: NAPVWA1174BN | B707: Suporte NAPOFIX Chão Carrinho p/ TV c/rodas Preto 55" a 100" | C707: Acessorios TV | D707: 0 | E707: 0 | F707: 0 | G707: 0
A708: NAPFM400B | B708: Suporte NAPOFIX Chão p/ TV Preto 23" a 55" | C708: Acessorios TV | D708: 0 | E708: 0 | F708: 0 | G708: 0
A709: NAP281-4290 | B709: Suporte TV NAPOFIX de Teto Full-Motion para TV Dupla 42-90" | C709: Acessorios TV | D709: 0 | E709: 0 | F709: 0 | G709: 0
A710: NAP286-4290 | B710: Suporte TV NAPOFIX de Teto Full-Motion 42-90" | C710: Acessorios TV | D710: 0 | E710: 0 | F710: 0 | G710: 0
A711: NAPCM279FM | B711: Suporte TV NAPOFIX de Teto Full-Motion 32-75" | C711: Acessorios TV | D711: 0 | E711: 0 | F711: 0 | G711: 0
A712: NAP040F-3790 | B712: Suporte TV NAPOFIX de Parede 37-90" Fixo | C712: Acessorios TV | D712: 0 | E712: 0 | F712: 0 | G712: 0
A713: NAP060-2365 | B713: Suporte TV NAPOFIX de Parede 37-90" Full-Motion | C713: Acessorios TV | D713: 0 | E713: 0 | F713: 0 | G713: 0
A714: 461323 | B714: Suporte TV 40" a 80" | C714: Acessorios TV | D714: 1 | E714: 26228.07 | F714: 0 | G714: 29900
A715: BN59-01315D | B715: REMOTE FOR UA TV MODELS | C715: Acessorios TV | D715: 1 | E715: 24122.81 | F715: 19900 | G715: 27500
A716: VG-SCFA65WTBRU | B716: ARO P/ TV SAMSUNG THE FRAME 65" BRANCO | C716: Acessorios TV | D716: 2 | E716: 0 | F716: 0 | G716: 0
A717: VG-SCFA65TKBRU | B717: ARO P/ TV SAMSUNG THE FRAME 65" TERRACOTA | C717: Acessorios TV | D717: 1 | E717: 0 | F717: 0 | G717: 0
A718: VG-SCFA55WTBRU | B718: ARO P/ TV SAMSUNG THE FRAME 55" BRANCO | C718: Acessorios TV | D718: 0 | E718: 0 | F718: 0 | G718: 0
A719: NV7B41403AS/FA | B719: Forno Encastrável Multifunções- Aço Inox (60cm) | C719: Encastráveis Samsung | D719: 3 | E719: 635000 | F719: 581447.1 | G719: 723900
A720: NV7B42503AK/FA | B720: Forno Encastrável Multifunções- Preto (60cm) | C720: Encastráveis Samsung | D720: 0 | E720: 780000 | F720: 725894.65 | G720: 889200
A721: NA64D3030AK/FA | B721: SAMSUNG Placa a Gás sobre Vidro 60 cm - Preto | C721: Encastráveis Samsung | D721: 0 | E721: 0 | F721: 0 | G721: 0
A722: NA64D3010AS/FA | B722: SAMSUNG Placa a Gás sobre Vidro 60 cm - Inox | C722: Encastráveis Samsung | D722: 0 | E722: 0 | F722: 0 | G722: 0
A723: NK24C5070US/FA | B723: EXAUSTOR SAMSUNG - 60cm Preto | C723: Encastráveis Samsung | D723: 13 | E723: 420000 | F723: 387631.4 | G723: 478800
